Workbook

Sheet p-median_greedy
A1: num_facilities | B1: average_route_distance_m | C1: max_route_distance_m
A2: 1 | B2: 7582.1717 | C2: 13675.084
A3: 2 | B3: 4891.5401 | C3: 11416.844
A4: 3 | B4: 3540.8317 | C4: 8534.9949
A5: 4 | B5: 3045.1396 | C5: 6446.1921
A6: 5 | B6: 2650.8141 | C6: 6749.0893
A7: 6 | B7: 2413.5487 | C7: 6137.0668
A8: 7 | B8: 2063.087 | C8: 6444.9492
A9: 8 | B9: 1861.0373 | C9: 4135.2677
A10: 9 | B10: 1651.3579 | C10: 4135.2677
A11: 10 | B11: 1478.0373 | C11: 4135.2677
A12: 11 | B12: 1378.6896 | C12: 4135.2677
A13: 12 | B13: 1309.1538 | C13: 4135.2677
... A21: 20 | B21: 835.15703 | C21: 3928.7763
A22: total_time_seconds | B22: 6522.6309

Sheet p-median_SA
A1: num_facilities | B1: average_route_distance_m | C1: max_route_distance_m
A2: 1 | B2: 7582.1717 | C2: 13675.084
A3: 2 | B3: 4891.5401 | C3: 11416.844
A4: 3 | B4: 3540.8317 | C4: 8534.9949
A5: 4 | B5: 3045.1396 | C5: 6446.1921
A6: 5 | B6: 2650.8141 | C6: 6749.0893
A7: 6 | B7: 2318.9873 | C7: 6749.0893
A8: 7 | B8: 2063.087 | C8: 6444.9492
A9: 8 | B9: 1861.0373 | C9: 4135.2677
A10: 9 | B10: 1651.3579 | C10: 4135.2677
A11: 10 | B11: 1478.0373 | C11: 4135.2677
A12: 11 | B12: 1378.161 | C12: 4135.2677
A13: 12 | B13: 1291.3135 | C13: 4135.2677
... A21: 20 | B21: 831.63201 | C21: 3928.7763
A22: total_time_seconds | B22: 11173.533

Sheet k-means
A1: num_facilities | B1: average_distance_m | C1: max_distance_m
A2: 1 | B2: 7941.7545 | C2: 14936.662
A3: 2 | B3: 5383.3061 | C3: 12177.895
A4: 3 | B4: 3995.6663 | C4: 8154.877
A5: 4 | B5: 3704.1923 | C5: 8943.9469
A6: 5 | B6: 3386.7574 | C6: 8943.9469
A7: 6 | B7: 2914.935 | C7: 6190.6379
A8: 7 | B8: 2285.3929 | C8: 5286.5282
A9: 8 | B9: 2389.1732 | C9: 5496.1255
A10: 9 | B10: 2316.6156 | C10: 5496.1255
A11: 10 | B11: 1830.8688 | C11: 4178.9334
A12: 11 | B12: 1847.4891 | C12: 4392.4459
A13: 12 | B13: 1654.7301 | C13: 4392.4459
... A21: 20 | B21: 1284.6545 | C21: 4530.4686
A22: total_time_seconds | B22: 110.45223

Sheet TABU
A1: num_facilities | B1: average_route_distance_m | C1: max_route_distance_m
A2: 1 | B2: 7583.6219 | C2: 13592.697
A3: 2 | B3: 4924.2681 | C3: 11381.8
A4: 3 | B4: 3628.9981 | C4: 8554.8124
A5: 4 | B5: 3088.8528 | C5: 7148.7818
A6: 5 | B6: 2761.2011 | C6: 7151.2205
A7: 6 | B7: 2449.8953 | C7: 6545.1795
A8: 7 | B8: 2197.5953 | C8: 6460.8774
A9: 8 | B9: 2037.2826 | C9: 6637.0719
A10: 9 | B10: 1831.3149 | C10: 4338.2343
A11: 10 | B11: 1699.4246 | C11: 4500.5353
A12: 11 | B12: 1574.4081 | C12: 4036.7381
A13: 12 | B13: 1447.2611 | C13: 4249.3416
... A21: 20 | B21: 1054.66 | C21: 3944.9366
A22: total_time_seconds | B22: 89.620506

Sheet Genetic
A1: num_facilities | B1: average_route_distance_m | C1: max_route_distance_m
A2: 1 | B2: 7593.7336 | C2: 13707.167
A3: 2 | B3: 4904.8789 | C3: 11205.402
A4: 3 | B4: 3619.8405 | C4: 8155.3103
A5: 4 | B5: 3061.3095 | C5: 7154.812
A6: 5 | B6: 2886.9381 | C6: 7297.9709
A7: 6 | B7: 2487.0119 | C7: 6455.275
A8: 7 | B8: 2237.5029 | C8: 6573.8006
A9: 8 | B9: 2143.8784 | C9: 6002.3465
A10: 9 | B10: 1952.1531 | C10: 6716.8324
A11: 10 | B11: 1827.5476 | C11: 5065.6862
A12: 11 | B12: 1710.5758 | C12: 4084.7514
A13: 12 | B13: 1695.738 | C13: 4947.6127
... A21: 20 | B21: 1264.0035 | C21: 4346.8939
A22: total_time_seconds | B22: 143.47902

Sheet Particle
A1: num_facilities | B1: average_route_distance_m | C1: max_route_distance_m
A2: 1 | B2: 7582.1717 | C2: 13675.084
A3: 2 | B3: 4977.2838 | C3: 11587.454
A4: 3 | B4: 3675.1911 | C4: 7982.9576
A5: 4 | B5: 3386.9978 | C5: 6996.1471
A6: 5 | B6: 3094.7315 | C6: 6749.0893
A7: 6 | B7: 2850.4999 | C7: 7987.7043
A8: 7 | B8: 2601.3797 | C8: 5754.6857
A9: 8 | B9: 2637.749 | C9: 4956.8433
A10: 9 | B10: 2162.9999 | C10: 4909.1127
A11: 10 | B11: 2299.6993 | C11: 4721.9669
A12: 11 | B12: 2145.9958 | C12: 5589.7584
A13: 12 | B13: 2080.3183 | C13: 4954.3289
... A21: 20 | B21: 1736.8086 | C21: 4110.0469
A22: total_time_seconds | B22: 42.140305

Sheet Average distance
A1: Number of swap stations | B1: k-means | C1: p-median greedy | D1: p-median SA | E1: p-median TABU | F1: p-median genetic | G1: p-median particle swarm
A2: 1 | B2: ='k-means'!B2 -> 7941.7545 | C2: ='p-median_greedy'!B2 -> 7582.1717 | D2: ='p-median_SA'!B2 -> 7582.1717 | E2: =TABU!B2 -> 7583.6219 | F2: =Genetic!B2 -> 7593.7336 | G2: =Particle!B2 -> 7582.1717
A3: 2 | B3: ='k-means'!B3 -> 5383.3061 | C3: ='p-median_greedy'!B3 -> 4891.5401 | D3: ='p-median_SA'!B3 -> 4891.5401 | E3: =TABU!B3 -> 4924.2681 | F3: =Genetic!B3 -> 4904.8789 | G3: =Particle!B3 -> 4977.2838
A4: 3 | B4: ='k-means'!B4 -> 3995.6663 | C4: ='p-median_greedy'!B4 -> 3540.8317 | D4: ='p-median_SA'!B4 -> 3540.8317 | E4: =TABU!B4 -> 3628.9981 | F4: =Genetic!B4 -> 3619.8405 | G4: =Particle!B4 -> 3675.1911
A5: 4 | B5: ='k-means'!B5 -> 3704.1923 | C5: ='p-median_greedy'!B5 -> 3045.1396 | D5: ='p-median_SA'!B5 -> 3045.1396 | E5: =TABU!B5 -> 3088.8528 | F5: =Genetic!B5 -> 3061.3095 | G5: =Particle!B5 -> 3386.9978
A6: 5 | B6: ='k-means'!B6 -> 3386.7574 | C6: ='p-median_greedy'!B6 -> 2650.8141 | D6: ='p-median_SA'!B6 -> 2650.8141 | E6: =TABU!B6 -> 2761.2011 | F6: =Genetic!B6 -> 2886.9381 | G6: =Particle!B6 -> 3094.7315
A7: 6 | B7: ='k-means'!B7 -> 2914.935 | C7: ='p-median_greedy'!B7 -> 2413.5487 | D7: ='p-median_SA'!B7 -> 2318.9873 | E7: =TABU!B7 -> 2449.8953 | F7: =Genetic!B7 -> 2487.0119 | G7: =Particle!B7 -> 2850.4999
A8: 7 | B8: ='k-means'!B8 -> 2285.3929 | C8: ='p-median_greedy'!B8 -> 2063.087 | D8: ='p-median_SA'!B8 -> 2063.087 | E8: =TABU!B8 -> 2197.5953 | F8: =Genetic!B8 -> 2237.5029 | G8: =Particle!B8 -> 2601.3797
A9: 8 | B9: ='k-means'!B9 -> 2389.1732 | C9: ='p-median_greedy'!B9 -> 1861.0373 | D9: ='p-median_SA'!B9 -> 1861.0373 | E9: =TABU!B9 -> 2037.2826 | F9: =Genetic!B9 -> 2143.8784 | G9: =Particle!B9 -> 2637.749
A10: 9 | B10: ='k-means'!B10 -> 2316.6156 | C10: ='p-median_greedy'!B10 -> 1651.3579 | D10: ='p-median_SA'!B10 -> 1651.3579 | E10: =TABU!B10 -> 1831.3149 | F10: =Genetic!B10 -> 1952.1531 | G10: =Particle!B10 -> 2162.9999
A11: 10 | B11: ='k-means'!B11 -> 1830.8688 | C11: ='p-median_greedy'!B11 -> 1478.0373 | D11: ='p-median_SA'!B11 -> 1478.0373 | E11: =TABU!B11 -> 1699.4246 | F11: =Genetic!B11 -> 1827.5476 | G11: =Particle!B11 -> 2299.6993
A12: 11 | B12: ='k-means'!B12 -> 1847.4891 | C12: ='p-median_greedy'!B12 -> 1378.6896 | D12: ='p-median_SA'!B12 -> 1378.161 | E12: =TABU!B12 -> 1574.4081 | F12: =Genetic!B12 -> 1710.5758 | G12: =Particle!B12 -> 2145.9958
A13: 12 | B13: ='k-means'!B13 -> 1654.7301 | C13: ='p-median_greedy'!B13 -> 1309.1538 | D13: ='p-median_SA'!B13 -> 1291.3135 | E13: =TABU!B13 -> 1447.2611 | F13: =Genetic!B13 -> 1695.738 | G13: =Particle!B13 -> 2080.3183
... A21: 20 | B21: ='k-means'!B21 -> 1284.6545 | C21: ='p-median_greedy'!B21 -> 835.15703 | D21: ='p-median_SA'!B21 -> 831.63201 | E21: =TABU!B21 -> 1054.66 | F21: =Genetic!B21 -> 1264.0035 | G21: =Particle!B21 -> 1736.8086

Sheet Max distance
A1: Number of swap stations | B1: k-means | C1: p-median greedy | D1: p-median SA | E1: p-median TABU | F1: p-median genetic | G1: p-median particle swarm
A2: 1 | B2: ='k-means'!C2 -> 14936.662 | C2: ='p-median_greedy'!C2 -> 13675.084 | D2: ='p-median_SA'!C2 -> 13675.084 | E2: =TABU!C2 -> 13592.697 | F2: =Genetic!C2 -> 13707.167 | G2: =Particle!C2 -> 13675.084
A3: 2 | B3: ='k-means'!C3 -> 12177.895 | C3: ='p-median_greedy'!C3 -> 11416.844 | D3: ='p-median_SA'!C3 -> 11416.844 | E3: =TABU!C3 -> 11381.8 | F3: =Genetic!C3 -> 11205.402 | G3: =Particle!C3 -> 11587.454
A4: 3 | B4: ='k-means'!C4 -> 8154.877 | C4: ='p-median_greedy'!C4 -> 8534.9949 | D4: ='p-median_SA'!C4 -> 8534.9949 | E4: =TABU!C4 -> 8554.8124 | F4: =Genetic!C4 -> 8155.3103 | G4: =Particle!C4 -> 7982.9576
A5: 4 | B5: ='k-means'!C5 -> 8943.9469 | C5: ='p-median_greedy'!C5 -> 6446.1921 | D5: ='p-median_SA'!C5 -> 6446.1921 | E5: =TABU!C5 -> 7148.7818 | F5: =Genetic!C5 -> 7154.812 | G5: =Particle!C5 -> 6996.1471
A6: 5 | B6: ='k-means'!C6 -> 8943.9469 | C6: ='p-median_greedy'!C6 -> 6749.0893 | D6: ='p-median_SA'!C6 -> 6749.0893 | E6: =TABU!C6 -> 7151.2205 | F6: =Genetic!C6 -> 7297.9709 | G6: =Particle!C6 -> 6749.0893
A7: 6 | B7: ='k-means'!C7 -> 6190.6379 | C7: ='p-median_greedy'!C7 -> 6137.0668 | D7: ='p-median_SA'!C7 -> 6749.0893 | E7: =TABU!C7 -> 6545.1795 | F7: =Genetic!C7 -> 6455.275 | G7: =Particle!C7 -> 7987.7043
A8: 7 | B8: ='k-means'!C8 -> 5286.5282 | C8: ='p-median_greedy'!C8 -> 6444.9492 | D8: ='p-median_SA'!C8 -> 6444.9492 | E8: =TABU!C8 -> 6460.8774 | F8: =Genetic!C8 -> 6573.8006 | G8: =Particle!C8 -> 5754.6857
A9: 8 | B9: ='k-means'!C9 -> 5496.1255 | C9: ='p-median_greedy'!C9 -> 4135.2677 | D9: ='p-median_SA'!C9 -> 4135.2677 | E9: =TABU!C9 -> 6637.0719 | F9: =Genetic!C9 -> 6002.3465 | G9: =Particle!C9 -> 4956.8433
A10: 9 | B10: ='k-means'!C10 -> 5496.1255 | C10: ='p-median_greedy'!C10 -> 4135.2677 | D10: ='p-median_SA'!C10 -> 4135.2677 | E10: =TABU!C10 -> 4338.2343 | F10: =Genetic!C10 -> 6716.8324 | G10: =Particle!C10 -> 4909.1127
A11: 10 | B11: ='k-means'!C11 -> 4178.9334 | C11: ='p-median_greedy'!C11 -> 4135.2677 | D11: ='p-median_SA'!C11 -> 4135.2677 | E11: =TABU!C11 -> 4500.5353 | F11: =Genetic!C11 -> 5065.6862 | G11: =Particle!C11 -> 4721.9669
A12: 11 | B12: ='k-means'!C12 -> 4392.4459 | C12: ='p-median_greedy'!C12 -> 4135.2677 | D12: ='p-median_SA'!C12 -> 4135.2677 | E12: =TABU!C12 -> 4036.7381 | F12: =Genetic!C12 -> 4084.7514 | G12: =Particle!C12 -> 5589.7584
A13: 12 | B13: ='k-means'!C13 -> 4392.4459 | C13: ='p-median_greedy'!C13 -> 4135.2677 | D13: ='p-median_SA'!C13 -> 4135.2677 | E13: =TABU!C13 -> 4249.3416 | F13: =Genetic!C13 -> 4947.6127 | G13: =Particle!C13 -> 4954.3289
... A21: 20 | B21: ='k-means'!C21 -> 4530.4686 | C21: ='p-median_greedy'!C21 -> 3928.7763 | D21: ='p-median_SA'!C21 -> 3928.7763 | E21: =TABU!C21 -> 3944.9366 | F21: =Genetic!C21 -> 4346.8939 | G21: =Particle!C21 -> 4110.0469

Sheet Time
B1: k-means | C1: p-median greedy | D1: p-median SA | E1: p-median TABU | F1: p-median genetic | G1: p-median particle swarm
A2: Time (secs) | B2: ='k-means'!B22 -> 110.45223 | C2: ='p-median_greedy'!B22 -> 6522.6309 | D2: ='p-median_SA'!B22 -> 11173.533 | E2: =TABU!B22 -> 89.620506 | F2: =Genetic!B22 -> 143.47902 | G2: =Particle!B22 -> 42.140305
A3: Time (hours) | C3: =C2/3600 -> 1.8118419 | D3: =D2/3600 -> 3.1037591
